{"cameraMode":{"drawMode":0,"name":"Shaded","section":"Shading Mode"},"sceneLighting":true,"audioPlay":false,"sceneViewState":{"m_AlwaysRefresh":true,"showFog":true,"showSkybox":true,"showFlares":true,"showImageEffects":true,"showParticleSystems":true,"showVisualEffectGraphs":true,"m_FxEnabled":true},"in2DMode":false,"pivot":{"x":6.268398761749268,"y":-3.0854618549346926,"z":-13.481743812561036},"rotation":{"x":0.04641178995370865,"y":0.055411409586668017,"z":-0.0025788492057472469,"w":0.997381329536438},"size":46.76385498046875,"orthographic":true}